"a","x","y","b"
15.4838337885867,72.3919186263423,-93.5328883629961,342.320961126555
7.74120731441564,40.9165906941985,-49.5987242326023,179.943623840275
11.4525136453494,55.1705159560749,-72.6415835839687,260.131290395204
12.5314504198442,57.8671683057442,-76.603000545648,272.916280578174
11.617073292564,51.8295970601461,-65.9151510413648,242.044300560052
9.57550193563406,45.2768411421865,-53.7059013555531,198.474401874677
16.0460879897558,70.096419609281,-89.8176230548633,333.453178702506
9.62136384634761,40.7799554896963,-48.2106122816537,175.641497549688
18.0736948555082,75.3694730266723,-97.8109839182471,360.949009549737
9.74914360379032,48.694085998092,-58.9527541629617,217.539017889232
15.2194786168939,66.1932110448877,-87.008714266586,316.062694773418
19.1465815708044,80.3604709010052,-102.055207937643,381.334961447394
4.44455719555064,29.7394445172798,-32.7694507417948,119.776297369426
8.88484493273051,42.8967311884319,-52.891238635218,193.20997040828
9.46671465442537,47.3377792266865,-58.2563344282151,213.942105347101
12.5438015922803,54.3130168163183,-64.7477464088002,241.566159610391
8.86298831433571,41.45173266494,-46.0168281940962,177.214715276781
-0.625821683619103,6.39883090748237,3.41152439391597,-10.0883034998221
0.238132285697922,13.0260731930023,-9.14024448814162,38.0196702783538
15.2804533829208,66.597380850574,-84.8359952117881,315.074485506771
8.7734456236861,46.4681475258341,-56.4340714279849,207.991750768027
2.87476626408,22.2655943439173,-23.2054897146835,83.8898731579866
9.31233057696151,48.231899032589,-61.7565122249519,223.611018096662
14.8586987966904,69.3817662199311,-87.9161469319275,324.524338852932
17.5807738450599,74.3089093747992,-93.5969771557995,348.215917872548
8.2781234735752,42.5781226547599,-48.7548651968646,184.539145334374
8.97092246892428,42.6055343697555,-47.2282751340922,181.05825116309
2.94734765922088,24.0864323089373,-22.7611366238718,91.8826394386702
11.8403894193251,52.4658812470026,-62.5889383484779,234.412187977772
7.44002049615952,36.731126033687,-42.3318002538592,155.507585917879
11.8218004929649,55.1360684978313,-68.9099024573369,251.503876930091
12.8193493489153,58.3312802946693,-73.8876180952149,270.082633852118
14.1404140878797,63.4307370697893,-81.8399199186144,297.123921713583
7.56429449837116,39.3701300197187,-47.3886826561372,175.35398677765
12.0198204931919,54.2140661377771,-65.7144346476915,245.888073385657
3.13196528370663,23.0146706923063,-22.910424324177,85.8571337058372
6.86216396648202,39.9441077680469,-50.7679161421862,181.374833450079
6.59636962329393,35.7111403972112,-39.0572296496076,146.672034362601
0.343169400213473,10.5984310428699,-3.05756389933033,22.007316519954
10.144490427569,46.8310452180859,-53.4876941953791,205.321771465397
10.823994400801,48.7627500979015,-61.4374717971745,225.206352497079
8.55577080580533,41.0005946148842,-49.1160122276593,181.162382751354
13.0326529427981,56.3953827544281,-70.3553941778745,259.982101127093
7.0931806916937,32.2837526851315,-35.9822102403849,135.431617370387
4.52687582232282,29.6348844587433,-34.5291380787648,125.561317495681
11.7312721035549,55.5526625912591,-70.6551477602235,259.687546083034
6.75442729525331,35.8147373921297,-43.3962996758263,156.100677347485
15.776405046885,67.3474635348784,-86.2622895500666,319.810041806014
8.27421518954662,40.162811417709,-47.8392155882005,173.354753706856
12.6225915336088,58.2387981930286,-72.7338060216803,272.443247870051
11.2877010608158,53.0888509666956,-64.6232897639407,240.34205687979
6.8646442364785,37.556006410829,-42.378355039433,159.823022916337
16.3029100791679,70.7001521724527,-91.8586944840536,336.165581959348
12.5715972228693,58.4957178325224,-73.5288660589214,269.258036074348
10.3590425863984,50.1548212000062,-57.1968474709454,218.128088635734
11.1062029891659,53.0989555013715,-66.9751359758931,248.033045165816
12.7171552642211,58.7736815125399,-72.4455279685934,273.728629710936
10.3593315463163,52.6173650486303,-67.4509452030881,242.586714977589
-1.97236033261174,2.78943357818873,7.21910435411749,-21.0322167375647
11.1395318141226,55.1189639044015,-68.3577199992701,251.601824406986
8.5310614290361,42.0434038312198,-51.9260375816204,188.948613714845
10.7409222594624,50.5373586464279,-60.0481125261666,226.131886984991
12.327294909462,56.5404247514901,-68.3072208713127,255.09974354402
15.5989473091707,67.2597807219369,-83.4171844172081,312.216704802368
7.09083176210214,32.4193804430358,-40.8491890365498,146.998060270726
15.2101705281766,66.1307488311976,-83.4034322743292,306.631519950047
11.3433924790083,52.9189792285105,-62.444766711255,235.146802613416
14.1540243947905,59.4790316985705,-73.8875592093424,274.678359377064
13.6829142731626,62.3583707027821,-80.2743144928866,294.163982411973
12.8835126514675,57.1860981600962,-71.3530921597221,263.671289466798
5.82752424572858,35.874570896696,-47.3425724867551,165.330583027564
9.63925445355717,47.2310522613343,-59.9662031279187,216.68427385078
12.4940726479982,55.4010959172285,-68.6128942121155,254.247204409262
6.18590656891062,34.6047280894213,-38.3528870849261,144.244908414635
7.82868474170457,40.698431286539,-48.1515582348582,180.066939277967
12.3239859907267,58.1904443015168,-72.0846781199701,268.85809841126
13.0727149513384,58.7480290597084,-75.5558648906038,275.388036569167
11.8550703541607,50.6115018580842,-58.0274344616603,224.407133868521
6.45689481036128,32.6454896711435,-34.0137956549907,131.58070823395
5.60087640540858,30.4486537396128,-32.3672938484395,123.777125872135
16.0508280392197,70.6355115302634,-90.7703354072378,334.508225849406
11.0316857501281,51.1443961742917,-61.0874582896411,227.702241454853
10.3537609166383,48.0448022159583,-59.5271986079158,219.681743160997
9.51641384984364,44.5693081951221,-55.0561947914165,197.329036866434
5.22268441935789,31.1090538241261,-39.5976289334732,136.071039854373
12.4479875921615,55.1098907802252,-67.6075015244701,252.484232785157
9.13144061701392,44.0773440753643,-57.5122136832847,206.947121445415
9.26897317467231,43.4883489762584,-51.7829903517712,189.094747994751
13.7333853142846,58.6636796485859,-71.7388503784047,270.328208627859
13.287092442033,61.7439019690456,-76.7696781536021,282.553766295732
15.5684655037371,65.4114848733887,-80.0305729772846,299.394160252281
8.0953043077813,41.2891538003319,-48.0562044029307,176.870688536325
12.6013942429052,56.2286475773221,-71.4463229265889,260.95540566659
15.56444182556,65.9150892344483,-81.1532677377082,304.077208877041
5.5568444822084,32.5232672127844,-37.0504758363294,137.528224984214
6.55682965248863,36.3508557579974,-46.313264281978,163.027634437982
5.47304527658492,34.232296534274,-40.4008280058688,147.303007227367
4.16314400199042,27.637768399302,-33.9715206283743,119.246343042834
10.3199302129646,48.8748141276561,-61.8422416642016,222.742449794213
12.6128173585968,62.6110802855079,-81.8034467455164,295.551939423018
14.803861502394,63.9933325516425,-81.6782948381971,302.928955372895
14.1790043486709,61.0380491985885,-74.3138273901753,272.885120410637
5.98716541264061,32.4835676597572,-36.7669947583576,137.977882316311
17.393927606691,74.397310250534,-97.216330576098,357.824372190762
7.33290636496873,39.5993232525146,-48.520371395332,178.888934914414
10.4220552498243,50.3510890185648,-63.2830391287835,230.312385408743
8.31097647252458,41.7080140077345,-49.3851076098529,184.781713438431
9.51059931218012,44.5250324473562,-52.1515839681815,195.831469173392
10.752772138006,52.9646343654659,-67.0535972087995,243.537466206467
10.476643831988,51.5484810380538,-64.7870426694588,238.072279631208
9.89962979653039,46.1899080820607,-54.5970901865932,204.94994320966
10.4322909117681,50.9298054575148,-64.8439245168566,234.74992269075
8.05825905661333,41.9099041870972,-50.7040939841002,185.192353340271
7.98313147724839,42.8297165303043,-52.3143070497541,190.939702333519
3.35560368034075,24.3794313181016,-27.2842911280863,98.791614165261
8.47066509250473,40.2122600266156,-48.3627115861254,177.315096426198
7.9493989684888,42.222835091399,-51.6492916708675,185.986399216207
20.8075640013792,85.4497973430262,-112.140189982039,412.308011383652
4.55153507524113,29.439944842325,-33.2319079666841,121.006494434885
10.5490248742344,53.3234470916686,-69.5978714403269,252.066203978849
4.02549973073484,23.6541429901038,-23.0328234114385,85.4801653740368
4.11825703425281,29.9495469256479,-35.3226077811161,123.169708634193
10.498809544788,52.5020363790731,-64.106904937919,237.062711557679
6.01344346046385,32.5910029042867,-35.9373407322598,133.48436563075
9.99270954278117,47.4712088030536,-58.7333384945189,216.623829011281
8.28696447429674,40.4613767348833,-48.3637106015266,174.305669919593
7.54531357420202,38.022393562619,-43.1194386320562,159.845812334943
1.90128861832357,20.0039017890572,-18.4442869251679,69.8018887985931
5.10100819856006,28.565711504312,-29.9971834175676,111.936358417301
10.7180657644718,50.2043769762727,-60.9009969851808,225.840353094156
12.2704823776941,55.885929805006,-73.0710850035539,261.153285492498
8.0284905857861,40.7094208062549,-48.1358828835778,176.583220257423
10.0002515362614,48.3637989619858,-62.0547722895213,221.974499412706
14.4915585735199,67.3627592830441,-86.4239075949954,314.124585950658
15.7594229719048,67.8312592190702,-87.2994418877458,321.213162482916
5.61154492637671,30.6118012853545,-34.0783748582053,125.196276597452
9.53072175899929,47.895167031702,-61.2981617941681,220.092542792505
14.8059936036788,66.0625215727657,-84.3484120825806,312.636203951372
8.1210816777348,41.7074700058302,-46.9306276157678,179.772354674208
9.79012206024401,48.4264159439193,-55.9054426820471,210.899022882964
9.65557080705164,43.9361945012281,-57.0476824646381,204.991068545307
6.44928392837427,37.3440137267296,-47.6992555150081,168.230673080962
8.22126398046105,42.504386087455,-54.0557765329101,193.104443365959
9.88222048364705,49.4786196951689,-63.7958040822791,230.241466393617
8.34452460376831,40.8432531467629,-44.0963516866066,171.172240280793
14.4535440934728,60.3488786358099,-72.6631231366921,273.71703800393
8.07602863338407,40.1045240138868,-47.5132849592352,175.032576238641
8.26732386959708,39.9486723005027,-44.8556488922392,170.897454415406
12.7874503062084,62.480345997159,-75.6276984447199,286.88183249845
5.77452634731637,31.9613616975866,-34.708156056242,130.061153570916
9.83720609939514,46.9825942644132,-53.4984104544738,207.006990075294
3.79382071060964,27.783711598337,-33.3541100304419,116.162093794535
14.6686781969427,66.0479345621543,-86.3045879265344,318.1014677725
8.90541719450368,45.4056352039712,-53.2577212152122,201.344344366869
8.12861870131099,46.5304464506162,-56.3767720118769,207.718932232749
5.04699068805514,30.5013952743445,-32.5604891896455,118.867114006388
9.96895186489069,51.698577788675,-63.9502102596306,234.955745071223
6.79887128819336,36.9833734401223,-44.3351638168873,161.00004900601
7.86603068019825,37.3996665142051,-41.0275393382895,159.34139564593
15.1507009823384,62.0880270538574,-73.1884197284012,280.030537266403
9.29789651903149,46.7717945708488,-54.8035497417669,202.41399987233
5.7128704633973,30.5678339386932,-36.4427886227438,131.206257772177
10.6528275298695,50.4341238748829,-61.0705465498615,225.233732662948
8.5490463374882,46.3306542150376,-57.3334684783515,206.358439441999
12.3600541919494,57.1905604456921,-71.4536932719608,265.576491857414
15.729687710924,68.0526808670267,-86.7516373794556,321.163224620033
6.02922995556203,29.8560745358051,-34.654514291401,124.68371804473
11.8186011903211,52.9456660664762,-64.3446031777749,242.49385456502
10.3395922347139,48.071296103517,-55.6441946558202,210.277799364324
13.5822623290582,62.2645558499502,-75.6361249104259,280.999258165254
9.08088744421493,45.658109494408,-54.6699454941519,204.840074357054
13.3464762738425,60.0752414032476,-76.9194183068099,279.984996633905
3.01977655465323,23.2316830660019,-25.3381402409118,91.496297256033
16.7578356852535,71.7519619702956,-92.7675800596264,338.791823444057
13.4591119140743,60.513257336448,-74.860814279258,275.909770974231
9.39689604445701,46.3721739771042,-56.9676367908891,210.051810095999
4.20397147944333,28.0326141808228,-25.2226432967644,101.207183654656
12.5720348001679,60.9145805974653,-78.2621312941371,284.901356753022
11.9327754552591,52.733944217165,-64.2254664715895,240.311410645056
9.97457749431445,50.8580938426994,-63.9003142545137,228.431074036766
10.6058235714497,51.5239897775077,-65.2094969700715,235.833583337855
7.66356411860078,36.498173739534,-39.9218311789777,155.156034885365
11.475226930521,52.7567224938933,-66.1188228688468,242.506797409364
11.1786173588781,50.9843365080171,-62.3721514546469,227.601561653151
8.8829625066297,42.1126641206274,-50.3840307148765,185.912481099784
4.65505338042738,25.6824192010821,-32.196503228144,110.470390354074
12.8029952737601,57.1025788863366,-69.6892286729807,258.614241128901
12.2167864890961,55.1097113302057,-67.9325257811172,250.475401097153
6.65477362879434,35.3100957110992,-42.4137857625256,153.783382557839
3.62164735197503,20.9157032292777,-16.8466832306515,70.9774419521171
10.8198343223505,51.834408670653,-66.7424693278669,239.713897365492
8.61964808810844,44.5234356103231,-57.7641207320715,207.492874969067
11.0104468134578,53.2168942760975,-67.7310680647133,242.996333707284
4.82399013806179,30.9078455111015,-37.6056192615911,137.702003814192
6.16331822247855,34.5889582365835,-38.4422243540103,146.054794855798
14.3430994147196,66.5718579563461,-85.2228216276962,312.107809767463
11.6150996188629,52.0614476600248,-64.4679743264518,237.435581269602
12.3459501468772,53.9922111413157,-66.1875410445856,243.271779196842
17.2609137846158,74.8149654645661,-98.1005553100305,356.562653024927
10.5152857144095,50.7366767463826,-62.3221007602044,230.848720339398
1.99628304907396,17.6935860731927,-15.5025052823805,54.559673298607
11.3351087897343,52.8796038839073,-65.5701844727309,243.136858652939
14.6853005094352,65.5137010823727,-83.2251646997561,308.584831751297
18.2381569691972,78.4167171539132,-103.46288441936,377.865761034549
4.49255360703792,29.9263059769272,-32.0625276582874,119.158068218685
5.39657773749158,33.294455830109,-41.6360183034191,148.611848383047
7.17671442095951,32.9785568700894,-31.7120770192435,127.292751515425
5.78377687169123,36.2775847849308,-40.0614691304464,155.362303335347
7.41702510743004,39.6132956793026,-46.1443457861346,172.714204491268
9.25848812929399,44.189836573967,-55.6424425070446,204.915123585698
5.19511179704006,28.4731536649883,-29.8374905984783,111.655130208439
18.1478886679326,79.1425277356852,-105.905994786352,386.383820078258
10.4310989795422,50.2081483573201,-62.4195305736098,231.056177297676
9.66356759797768,48.9450232728153,-58.9950332864628,220.727727740466
11.9824785664184,55.0162917317012,-66.6657522432858,252.749993976513
10.1496607444719,48.0517411561725,-58.4573941768732,218.555022955734
9.47164785217636,50.5807773892114,-64.0448364319626,235.33853796608
15.9071496942084,65.1937529574385,-80.8044107917146,304.266659049564
9.13187915963159,45.6565939048394,-58.7547129107626,209.340908545648
4.8655911836311,30.2857549468713,-34.8861032453808,128.375009008558
11.5426715617736,54.4310088214678,-64.2107219787235,245.614096726812
8.59394850588363,44.0544964252742,-56.91549993173,199.531513376584
7.91281562657492,39.9333234897148,-43.9243304417922,170.785702459946
5.72747519725132,34.9514868680692,-40.0610940757642,146.340195095236
11.7134636130668,49.2599145371656,-59.5779331120032,218.399520122406
9.30392706229202,43.8830049053421,-47.8915547893368,185.495943857408
12.0626709145921,55.1873261912916,-68.6299157540943,249.9354231164
9.06253889077631,44.9515724750723,-50.660629764641,192.085324466072
7.36598629671292,39.3305096836923,-46.7096722360174,173.769759393443
15.0009464163149,67.2820870900221,-84.7716561888904,314.437834957261
8.91294513955441,41.0695672276512,-49.1627265243816,183.653268402619
13.7918079835008,61.6658499493969,-79.5176301450029,290.800211984905
5.19367027956425,31.7455490504321,-40.2552469608035,137.426556360759
8.13553561449799,43.9405999553343,-54.9940681407189,197.041129312614
8.92259441938728,43.8942044409291,-51.3510025552829,192.621988596643
8.43613836747656,45.5683970797093,-58.3908894377723,209.00925725721
15.3948280479669,66.8583247748243,-87.0437668061445,319.342973276553
9.90894119480635,47.5723920234818,-58.8510424051376,216.049758554128
10.9769034044138,51.8372805105319,-63.730514709522,233.462124697445
6.23051316854431,33.4250862819489,-38.9582835649803,141.485837016055
7.0831308939617,38.9311473158145,-43.9667707623647,167.90230964803
13.9922756342194,59.6806176768634,-73.4802820012028,271.923255833787
15.0339266583822,66.1108488395718,-83.9232086251163,306.730586780497
14.9954547552404,64.9025520193863,-84.0445704073247,308.071391948501
4.47745180189868,27.0246790051359,-30.8880379005406,111.614447059716
18.1998427745456,79.8223247624529,-102.756450390529,378.199611484321
14.0674913191982,64.7474081130052,-83.2610802662121,304.972199818217
9.89313014344697,50.8113215738144,-61.2844769800479,228.776063686296
12.814431115193,57.604358428478,-75.0989223114026,270.165599634123
6.11445908339254,34.076854275307,-38.5343616750993,144.136929535634
5.61537503376457,29.1121835061806,-32.3631143133463,117.883338021493
10.1962018037504,47.9299676334523,-55.3383808421392,209.281530379576
5.20601657376888,34.2699559099282,-39.677950731759,147.548694841031
10.760075994239,49.9032181241329,-63.0496468577158,228.98129892407
15.1908235984187,64.3542875767284,-83.3084995648234,300.832100763626
5.864505108141,33.1960075216778,-37.5230533946399,138.7550401711
7.04623698314774,39.859431399851,-48.624215253908,173.6346786895
10.1862557578035,45.5145781196757,-54.3375676689493,200.974158242872
5.92961552069558,32.8389749309259,-37.635143991031,137.330179316585
8.46686416045489,43.4163720617388,-51.1842568111286,197.140057664052
13.4910216466856,64.5227379169798,-84.9982001038666,308.785836169543
13.8781800558805,60.7302366114824,-69.0335849711198,268.873435291297
11.5353866601084,56.5662351788123,-70.8855126930937,261.498458430394
2.59377734773014,20.4718080647049,-21.0216663201879,75.0622957462829
9.78401305269534,45.1604115735798,-54.2998323080122,195.716372609432
14.2590928573531,61.0640652898259,-75.0396477939344,283.860917895634
13.2527801496464,59.267812287972,-72.9088723385566,270.663887389831
9.23673410358287,45.2074133750905,-58.2419073615225,206.954073797148
-0.799719234254811,8.47520710063474,-7.41981499813248,19.0257283078504
10.2438665552045,50.9823659181872,-63.5815826691197,235.410846790529
12.2950067899343,56.6411067751539,-69.0917696927166,259.368509062051
10.1832143189004,48.4479163303097,-58.8274403445489,220.535099087521
10.6296501607035,49.0616316334672,-57.6611074532281,217.769121527416
11.7262614914751,51.6225095067862,-62.0530016046481,231.726964324701
8.41380105579915,38.3710305234638,-43.1523864887839,162.416641462203
15.2399129030062,67.2905099118647,-82.2695890008182,306.424145281774
11.8815735994958,54.8243366984073,-70.2558565743172,256.066160167906
5.02931891770159,32.8355944794456,-39.8707311049421,142.168626542924
15.5263018255421,68.4768741884414,-86.5547295639321,319.880241302472
14.8178357480393,66.9386440951936,-84.9880786400852,315.929344175545
13.2962958547275,59.9486378257704,-79.6610954487814,288.650102864188
3.34948239125762,22.4214885092757,-21.3564989688183,86.5384590583876
7.72277462557808,40.3812699384099,-50.7328796305747,183.275500817625
12.5420552691581,57.8309731915714,-74.967481569915,271.825948345261
10.1748880303114,46.9948114475943,-53.2445755220162,201.835059162512
11.3920492146452,52.9538785422667,-63.169623779163,237.340308329489
19.8383741954817,87.419710405958,-116.287619242602,427.936947068651
6.72647870240132,33.9567912020755,-34.9940738210261,135.908215017817
1.54719954028345,20.5142755291599,-22.2317437544026,81.9433992389158
11.0947810897217,51.4870740900282,-61.2664700530755,229.678464726823
7.24961263502635,41.0632266785789,-47.0794754729253,177.529730461251
11.7841642118475,52.7368848136763,-62.0281176336922,239.657476305924
6.75046110483761,36.1692693225036,-39.552938734063,150.628086585754
18.8482219213405,80.4760659135417,-104.650937047165,382.12153482656
9.50517611369028,45.9934535526782,-56.8266483508118,206.606980133404
8.09065797587979,42.4438463910525,-48.7469601491916,181.615007591635
9.33495403405357,45.2721115223739,-54.8375859884947,202.55136588229
13.4502535345057,62.8386596545409,-81.3953157672918,295.603170088554
10.3893619408113,49.742541854689,-63.1840159346503,230.162063789871
3.49753304315485,25.9759582278469,-25.7086870104364,102.034043915194
9.98151692869417,45.5623670701814,-52.9602337469315,197.5777746706
13.0409686706482,57.6307086329395,-68.6679104675317,257.529052475168
10.1559636514903,50.740485042948,-64.3263893692016,233.558553384111
12.9402885664578,59.6026107215693,-74.5707463490518,277.456578346946
9.41410949200452,45.6189809200154,-57.369788972776,208.80210559532
9.76845065847487,46.9488568965957,-56.8953138735024,210.682140378051
11.9294778644181,56.4559206328145,-72.54504432303,267.118884651293
13.9717745471029,61.8507657263306,-76.9995380042081,285.388754527446
5.01441800787183,30.2018151702184,-33.9024976114051,128.616327159381
9.86604990061756,44.2258700379232,-49.4401208759385,186.479711818567
9.71615127500002,50.5261633203101,-62.5722622778218,230.764829086025
6.9643173850762,38.6034784182275,-46.773125169041,172.186220797387
5.86256255624339,34.7698008884977,-44.1403173595289,158.068420059605
7.47707218411672,35.106544817874,-40.3619893456976,146.549465514126
12.347230880052,56.4083578157983,-71.4844293319191,260.588603627058
8.33470937526539,41.187085926059,-46.5540276728755,172.556216241657
6.86044876197872,33.9448429299698,-37.2450128234827,140.149508508918
10.6536652779444,51.8080557493863,-65.5302756923351,238.027120188035
5.0531430595626,32.6595765768996,-37.5069929338205,139.887171477246
14.1834951049467,61.9541335660531,-77.4518869631565,287.874761599615
8.06161833512516,40.5634456505931,-47.4314218931421,175.936083085148
10.7565152467227,54.1463788660461,-68.8117017281691,253.832623927128
10.2040253262999,45.4348753680856,-51.6448843206866,196.423875706081
9.99903732445423,49.4849759389109,-58.5064472659983,222.506145403763
17.2375281697715,73.4270587632154,-96.2056294409485,352.691564378731
6.69868817156022,35.8846557348079,-39.6431200278569,151.356294941933
14.5818818089119,63.2728258265387,-81.0177279486928,298.929188414025
10.126292750213,50.6480446588048,-62.5190185818027,229.165048033848
6.65917677877312,33.7187011814157,-35.9948070893913,134.863733849729
9.72494540393395,48.9350224390388,-59.50381168492,222.015286872729
12.9870867480499,61.5664403254433,-78.394041965468,285.262784541511
8.29792506242158,38.5892312069183,-44.2817015120316,163.801087286579
6.91167105922617,34.6282074281158,-34.7637039842816,137.184069211127
10.6110564269916,51.3828940981745,-60.805488514493,230.116839417335
13.9543873807152,60.3231763315628,-75.1787581457931,279.866094089457
9.7061666613113,45.5591402080279,-55.4153388092412,200.514952520053
4.45189378576103,27.136112094037,-25.5509576610017,101.875393010332
4.77329638249855,28.4948985203416,-31.0108520133817,111.61514145863
6.92641869968825,38.3425036893699,-44.7576100660382,170.396938887801
7.89156749850217,39.2036314650193,-43.3466618328654,163.481718437407
9.9142917398335,47.87015108823,-59.7000443816249,221.479240958055
12.6819922839851,59.1301614967863,-75.4420432019919,275.487661972884
8.26153184571037,38.6607557554138,-45.3998119224636,169.15295922426
5.54448086674861,30.5808665349974,-33.5458878038522,123.583910991098
12.428423979514,58.4619132466693,-78.5471110687661,280.627481913706
11.1018278749584,51.2135408684986,-63.6873516871659,235.255955161041
14.6293882776589,59.5956308589617,-71.8058542250091,273.476083845832
3.27007656208698,22.0566571662787,-21.2756178937442,79.3111649259749
10.3492763555795,50.8894476939385,-62.4265767749933,227.705581615376
15.4134475757707,66.6352334543229,-87.498835364253,315.384706830241
12.8966952027335,57.6188290497572,-71.332601353421,264.830949526121
6.66978869694315,35.7197008604704,-41.616223581921,153.888738598955
12.9301139470737,59.9873429455999,-75.7146814192807,278.275679042968
6.51229252001115,34.4620715676015,-37.6364193690347,142.763910151189
8.18640995508083,42.422992715128,-48.2178683700394,182.050036240993
14.7501371145163,66.2468009483641,-84.898472530361,311.081229282836
8.83941875283968,41.7841883547916,-50.5047021333572,189.911820530583
13.3141845798617,59.8073200186296,-75.5223226733214,278.184027871869
8.83508916488332,42.7297107903711,-49.3731783819559,188.080343652595
3.69455038100838,26.1342908238517,-28.6014633937788,109.914973147632
6.60473721220431,32.760500651675,-37.2628027166246,135.049814836267
5.64592055217122,35.4036538433513,-42.0805516328244,153.186665066395
8.06283771553131,43.7182519531047,-50.7440064275261,190.703904126051
8.65475516396171,41.4714070352591,-50.8224641341965,187.65301834349
9.38656843735343,44.451897918857,-53.8645439289621,197.815480110774
9.02701108570062,42.68026501223,-52.7383442628842,192.532087764674
17.5688081664004,74.9746281154462,-91.6536903016187,346.941512369099
4.45600665085832,27.0395480165075,-30.011748592185,110.370760550494
8.34070279716888,42.2518069634408,-48.8411905900018,182.14272913424
11.3963261124273,49.2763388785498,-59.1579835066764,225.741922496349
16.5137690632616,71.7666620566585,-92.1889040927792,337.294191893482
10.3540875828545,49.3058406408041,-61.1536507987845,223.837043873689
14.9566028336023,62.6425632784478,-79.6473375405687,293.768835617585
3.42177785698517,24.8703464634865,-23.8324806430927,93.3206405219934
15.7854261015139,68.9374392451919,-86.5778166964044,319.50317602408
7.23775931333927,37.5947868186269,-43.8873409310041,162.072570032729
8.89427565818459,43.9929597882567,-55.1941551149723,197.053049952996
5.56232496040225,32.7942682494928,-38.6045266988125,142.168949778842
10.5354772657178,50.6211655905866,-60.5607691451794,224.779124260958
17.1413562069262,72.8456568237771,-94.9711514689879,345.306942727244
19.6886534210064,85.1795083942803,-112.291386152206,411.290734597169
5.69268439152635,32.4205994237191,-35.2867198265029,130.584000266491
11.9437644416124,54.7259491463315,-67.1332398208118,249.793611473422
15.5540869549772,69.8839491292069,-90.8933342170911,331.295968576551
9.21737273086182,47.1666245544427,-54.7389214984163,205.663892055011
9.12730080917516,43.4569434030928,-54.2183067654482,193.467138455275
8.78088818181422,41.629080110862,-46.2791042846647,172.050097428973
12.3913308964458,55.1975551218871,-66.5770340867328,251.710843393004
15.589717643263,65.7714317290905,-86.8578866285774,317.979599106175
12.7504790449599,54.3393306583748,-65.711005004806,248.212235648066
11.2807520571879,53.2319224495531,-64.4833906604856,240.435180582766
8.79252029689096,43.3628523469086,-53.6284379712501,195.595706181974
11.9933947422318,56.4613205794194,-70.8128432950259,261.406898828182
7.80185232833298,40.0833496573961,-50.8066927362961,181.066808135731
8.88297398545103,44.7970322717784,-56.1988175818028,204.755641988184
14.3860537724469,62.7976772861887,-78.6578587919838,293.103858507409
11.7680523527152,52.4447725519726,-63.6688798373026,238.978026150013
10.9640651761044,53.0268990831169,-66.2325791779938,245.740005814913
8.97756937857793,45.8414909955362,-57.6040690328319,208.20912591864
13.7241316059395,57.9394494136158,-70.2128869655611,263.92231428148
15.3396503415019,68.9773305330603,-85.7328374113871,320.12327210434
6.52291294449823,31.9357437223263,-36.3172317526409,131.267926663397
10.2219478186604,48.7076374985552,-59.4458274305153,217.900046144267
10.1962676527677,47.9168190419954,-59.3048505325114,216.903392119402
7.68657708655641,39.4155649787611,-46.7130232374356,172.826841514829
6.00504537601598,35.8106388174308,-41.951024902672,156.682182976568
9.99026887997359,45.4545322466651,-54.487690180687,203.80599301362
12.6220475312519,56.908403723247,-71.5695339847149,260.757590294552
15.9073691159062,74.3731337973429,-97.8786761221728,358.104869153202
2.36338884688315,17.5515872368783,-15.1698822163984,55.8842398710946
7.19024210675036,36.6316964478399,-42.7660600586159,159.635445006464
8.75427912795232,43.4333008159456,-53.2958016038985,192.937532059379
3.3473718773305,24.4504451980547,-25.1289232323383,91.3892837077536
6.99786623283084,36.1257072371363,-40.9085931258568,153.203695223572
6.89059296327397,36.2740700324183,-41.7457929204236,153.376027806951
7.10972120056159,39.7632919502591,-49.9790628372641,181.498018584053
1.24466160341173,16.1192908130321,-13.2287272198195,48.3347703132456
10.8536742011462,51.5763377628829,-62.8891002212181,234.462153477856
7.47230825498067,39.6393941882402,-47.7336884772544,176.763987546221
16.0819647753287,70.7091417099627,-89.4081155098439,330.944959787646
13.1838237976603,60.4467757100687,-73.7286000647363,277.104777855114
4.1858817394688,27.1784394201923,-28.943272174522,106.751171324611
10.3935816840234,47.9995459101603,-56.6360754482279,210.33441759053
7.62491606306738,39.3331563221555,-43.9138111606697,162.099188448118
13.5531246745381,58.864405183862,-69.8432778029149,263.010046265931
10.2122816619947,48.9510005763926,-60.944650777943,223.962681122059
7.77190549662138,39.2830575209187,-47.0477707684525,172.746751063455
11.7535881446909,54.0762484445961,-67.6585129801115,246.628809106496
10.6104326345697,47.999375570101,-55.7253093954438,210.721417769559
9.34152967300174,45.0633539979618,-53.1685832346677,193.84663265652
18.0795624859039,74.9069556035628,-93.5387473860478,351.610048799363
7.88245645473095,39.5655121488317,-45.9878249441351,169.551148059348
8.11685210806383,42.2744821082253,-51.515004392259,188.314558732168
3.81625230392991,26.2193482576987,-31.287317679552,110.816577472964
9.83789310681929,49.2131400990482,-64.2499588322051,228.406901418717
13.5614252218827,61.7970670526487,-74.1150038628407,283.244277113436
1.71444859628314,18.3959976770144,-17.3793799301075,64.6245731461596
8.99973951970792,46.395688965221,-55.8565139560593,207.975960595165
5.27339829338673,33.3676674736991,-37.5353092113614,141.35701031533
15.7677490600676,65.9651214819961,-79.9035400797423,303.571875678749
15.4315821555154,69.3379912331491,-87.6329072385675,325.93711760254
11.3380113893626,54.372758942387,-67.909136999838,254.698447702766
15.7173523216009,70.4662973904572,-89.0178669777071,329.093502211069
6.53072859648526,33.6930175227447,-37.3997215482776,143.413694002089
13.8026068998875,66.5072465285476,-87.1367613604732,314.120290610303
7.65995396546706,34.3873339270652,-36.1155344613993,138.571841092169
11.2838300901025,52.6355143993972,-64.739278679575,238.636793224848
8.80241593334037,43.924910697882,-53.059102461651,193.828230857379
8.88582766682773,43.6895849477596,-54.3393716084298,197.685317472907
12.1844606333181,57.3598048556716,-69.8126512587174,262.343308655961
4.78471538542051,29.4730450013115,-33.6207497983263,120.921090334615
8.99634213983016,42.8307222089633,-51.1147779279792,189.914406642684
10.6840294948716,53.2825727925223,-66.8838734276636,246.552441350743
8.38613008500996,41.6022446895762,-49.6130506485097,183.46603979384
10.4186377633429,50.7284532380452,-61.6665509315028,227.385212353068
8.72447685306396,42.0750965113037,-48.126891852859,179.424249491957
16.4733757435337,69.1843869201803,-86.4194982699514,320.454699988214
12.8567544059545,57.0726384631115,-73.8234278172692,268.984945356686
21.863461479333,88.5947784838904,-119.380034611885,436.873643198898
6.81968958176316,37.6170954396973,-45.177438463105,163.67981765871
13.2574636587197,56.6226839420959,-70.0378896462397,262.572757820539
18.3921232405215,76.2546647352602,-97.6997203706903,359.191036318293
11.2039202206103,52.388549504517,-67.5216513027263,243.119612548895
5.66769943264308,28.9725733235209,-32.3776237628347,118.795340237318
5.97470999278686,32.4991799210473,-40.3146608109428,141.985860582461
9.85834174032955,46.8801849033512,-51.5741739843703,200.548083131861
15.2364974434137,69.5435472671425,-88.3706666099507,328.432977409097
13.0016019465869,58.2906936261194,-72.8047249010162,271.1490128909
1.44652668955032,16.1609214810645,-17.6626660950209,60.4863613587151
7.19858356453346,36.5884652343752,-42.8155157197814,154.809605602923
9.96377409882806,48.7640288351663,-58.2978354906773,216.494540697079
4.16746605102093,26.3639758198233,-26.6781591574774,100.89167311259
12.7781185859795,56.9136692096523,-69.7891231647863,261.270062860457
0.154658099254048,11.9974222723375,-5.40538960769102,22.1320503655118
10.5731590561618,52.1938378029164,-68.7211775133729,244.699037128998
8.43511152349178,45.5020589828616,-58.2797810771978,210.817163500652
8.0353436575437,39.6410130092402,-46.5891798350441,174.532464293298
8.8654101901918,43.9565201817118,-52.6755256603391,195.556808150271
11.2591792188314,51.884676271042,-64.8837162605867,241.359799541883
11.585306311756,57.4218947666722,-70.477691908004,257.63402181773
9.09758515585616,45.9328345512203,-60.1636666034221,214.602848191794
2.30019827863776,16.7194603683031,-15.9214862492404,56.9133856360454
4.24308280671208,26.4068807050129,-25.0164696683722,96.5450240244946
4.12136890411039,22.2514286313854,-19.5092228105197,76.576063992268
13.0474537875677,58.7849031583407,-76.6175473261307,278.016733869867
9.02554007251488,45.899873167713,-54.4546337530414,205.641370079099
11.078706429672,50.0943639043058,-60.2427170686636,225.201789161553
3.76428991617674,22.986430114087,-25.5980556227733,92.4072091778715
7.85764797321475,42.799101051874,-51.3959067087143,187.792190086322
12.249807892694,54.1700484545216,-64.8283044707459,242.709511728908
9.28669550632033,47.2476715848814,-60.0958746291446,217.222656386731
9.5394560551894,46.7701890260202,-55.9765758383544,208.567126772244
9.71175411157453,48.7243610471663,-62.6199511540173,226.847209768302
14.8436392277052,67.4421912163043,-85.2642681685974,315.23647058446
7.54041239680119,41.4253056376198,-52.0946493893842,189.076448051122
12.7045058332588,60.2082927043472,-77.1306321493141,282.597578876529
13.5943984221502,61.5306373400261,-79.7317159826789,287.605209164498
5.24272838591592,31.2173442365082,-33.9071492626962,128.185087287037
10.485035399276,47.8353488720029,-58.0754517500399,211.51522482619
9.95511325547835,45.4175894776086,-53.2621907366299,198.470279538908
14.116562877255,61.616860362445,-75.9857700314223,283.995980662133
13.6590994708785,60.9011258220027,-76.5159867623892,280.025600938127
9.99017493328175,45.9900841899733,-55.3764634165242,204.962289767674
10.5440382096549,51.6223875839942,-63.3596981125391,234.253471203762
7.1193858202275,36.039669919988,-40.2583111486312,151.344844729475
9.20750267979514,45.8279388712941,-55.812999212199,203.847924138777
5.88316477580691,34.9202528335987,-40.0555401995529,149.60649740195
6.13217641658954,31.7115130892296,-33.5627222643921,129.482223756685
5.11674764432362,32.466079471035,-36.2041264843477,134.171289432899
13.3448308157793,55.824521784319,-65.6030452909059,250.062875547691
14.4598871939816,64.5151191737325,-85.5522556397036,307.162873181175
8.34822058829164,45.0770157009574,-54.7580693751689,201.777990800281
5.48409040797268,32.853601447003,-37.5090976978459,139.921410938386
9.64827467289179,48.5635464249092,-61.4778102460158,223.708132193879
18.9676147732505,79.1766199351428,-103.241707725811,379.383577210601
18.165252683002,77.9916618378271,-99.5555058216952,371.815770307138
3.12079865311419,25.4476342305154,-28.538950269251,101.344879813033
8.57237337551045,40.2022449821728,-47.4347387508745,177.184785157232
16.1331219686492,72.0826273449091,-91.7796161007678,340.044202167391
9.84702361355905,44.6306772612978,-50.754014948188,191.536520576042
16.3896529693057,70.005188640138,-84.8465673854099,321.080594670352
8.66565842676047,48.4418840413146,-59.2792459146276,217.983024161585
12.4199436956615,57.7331284364385,-68.4803843857043,260.771997561098
10.896964957001,51.0473874567652,-60.2506554063442,227.916105681847
22.9162779819202,96.4561320933346,-126.100478286856,462.067540951327
13.6818102670901,60.7668996477477,-75.7455927551909,284.130722996957
5.17384372313631,31.869455321718,-32.6250174072148,122.395335509111
7.58447532334693,38.6149207243563,-47.3283021105481,172.835088154549
11.4809411384882,48.6209390068747,-57.8976721785635,215.060401363127
2.39599741328157,21.570365954521,-21.6492771853602,82.1977670571374
2.78236022014703,20.9935364029555,-25.308464568072,86.363582346495
5.51270957457912,30.6985500689726,-34.8270863872809,130.688545826691
8.60828157376344,42.9974080730056,-50.933302115605,188.91063396529
14.9556085945279,68.5252927993561,-93.6997104223376,329.482920455809
8.90320974059088,44.642478089246,-53.3629366298992,197.531750905805
10.6495228622328,52.0218561912489,-65.2936485089039,239.32444696889
9.74157236098775,48.3277890959968,-58.5560453452022,219.511098463844
7.17905161189943,38.0477826017641,-43.3489313898178,160.138898946189
15.448789075004,68.9578824193363,-85.3869419577152,319.096944120209
5.61394724766673,31.9335773424768,-39.4825218220518,138.941363706936
9.08626592581243,42.21193282662,-49.6819346543961,187.935372246197
8.60868767755892,43.6865461276428,-54.0634596323786,193.69186194037
12.1285144780269,51.1070248025537,-61.480377745648,231.698389679268
16.4289382490447,69.1717593341738,-87.7784459462771,327.022405704219
12.0552581044664,55.2798464889745,-71.066753687809,257.998530511275
15.5294926422921,67.5846545313034,-89.4251095570924,325.579726426948
13.0523881941996,58.147874458438,-68.2531321167235,261.072915352249
7.50166182146355,40.983164589926,-52.0683631659867,184.958963519844
10.3261752017159,47.0350031439602,-56.0506694363124,207.693836599225
15.5043164454591,62.5882522696224,-79.5630071348856,288.595304685944
3.75493685537184,27.0786764746629,-26.8878384561417,106.946504896714
11.2990826423788,52.7669076596718,-68.8093496741543,250.248699921643
9.37283873219105,45.5252411180926,-56.8599718430446,209.387758371762
13.5111354429374,59.8576389744327,-77.3338400425365,281.546237781193
13.0006663007226,55.428399673944,-67.826983782356,251.27874246454
11.2042136153713,50.4297601050334,-62.3875831047216,226.303657229262
15.9712444689172,70.5113083123089,-85.5307352981835,322.637850302874
3.8980247993212,26.0705214755698,-28.0408354831568,101.638646931098
13.6428702339441,58.2765120950275,-69.3995325932856,259.819313032001
3.68187188856984,26.4510826615559,-27.2751641089649,103.567118314582
12.3508650284743,58.035873345994,-71.7036750958177,265.381411042194
10.3585691840029,49.021582970606,-58.9105030518749,220.376357696412
13.8690466277994,61.895794824847,-77.4192962172798,285.285834333246
10.3152494116593,51.9531786984436,-66.4003012529972,245.16489436184
3.72520065405564,26.2003997522048,-29.1290471494682,111.016981711546
1.96870726393564,21.5270964063132,-21.4925268352454,82.65315480893
12.1638940969551,55.6998643232922,-74.2611508750136,265.145462255179
9.7064936075663,49.9023526769162,-65.8677391593807,236.198957724441
7.71592642576768,39.6259675593789,-47.7176416183864,171.919258443749
8.75572616058544,45.3561110925067,-59.2061652150457,208.213756344316
7.31433973159454,37.6420656062555,-43.718728424402,161.277289331897
9.37063819167608,43.5802921779261,-50.8387573373835,193.925609107079
6.27477971600052,36.5924164323185,-41.5356619270743,154.952068450845
2.06796208211947,24.0366715771728,-24.360363405002,93.2232464340435
9.12160078300249,44.1860065879089,-51.9487494794992,194.068589093134
14.1811034778496,65.9896847773171,-83.491204610582,307.91371893483
17.5093182651987,74.5597278883675,-95.0116021080479,352.319867565435
10.0104247838287,49.884515457564,-61.7239383280012,226.722115897009
9.67732026116334,44.8599693267852,-55.2330780068555,205.001234975386
13.8519291249595,62.4182374064275,-74.4186169070156,279.799687292698
10.2142840661861,47.2441004511478,-58.6643065515734,214.790847902814
8.26040636435985,39.0332389432955,-41.8754981381027,162.095599384792
3.05081097863077,24.2929683435268,-24.0643044929207,91.1842842135056
4.94521760087026,33.0220768838429,-34.6272014249995,132.065824288844
11.6252340482771,52.2738286420417,-62.6144984653095,236.087083800675
4.16138412888097,25.2132306389195,-27.1246642255848,96.6161189998685
14.1938294806188,60.9527569066405,-76.6259613263104,284.479428382917
4.61427784219919,27.6951182690214,-32.7273483798499,112.04013924452
9.22571776754602,46.5438779943221,-54.9008744252778,208.777556089257
9.9906561715453,49.3908186424005,-60.8822342488136,225.557415676697
9.94868106453125,48.7011602873108,-59.9639700279975,220.787491396543
10.6077892879376,51.7072160606937,-64.0802209450485,231.164512527409
12.3940445256043,55.6808049601373,-70.2912017822811,257.58315432177
9.49515025080688,45.8371209471371,-56.3252672585035,205.134095267482
9.0058577366129,45.785187650578,-54.3749934816215,205.110904794231
10.6413095796185,49.7455598301435,-58.2401967007323,216.754974074244
8.26543223361092,39.8323108931357,-46.5063504488234,169.716584774122
16.1496496764011,67.3834385455788,-84.2964341689238,313.172502581326
1.31901369353569,22.1436225700052,-23.7285938693653,85.3330484761153
14.1080184771657,59.3894364066707,-73.065669767007,271.043631660142
9.00606826724027,44.4804790676534,-54.1937710970175,198.800663992641
11.6892815433296,57.9500422282889,-72.5125894561798,267.122936215629
13.9506131745587,63.8972291787672,-79.868031516515,295.441040345793
13.3422726881401,59.661489015135,-74.3382321607873,274.045908647857
7.35791256381718,39.5551435852706,-46.0458335145378,171.061365431467
16.2562779731673,74.092513187432,-97.2131092688658,356.874676062804
3.50809625883381,25.008402171462,-26.2699422955704,101.160428053243
13.455585493916,59.3019327537242,-72.7694471948017,273.554496532111
7.9535889062552,43.536705951663,-53.4778835442114,195.541127256412
2.33053989821839,24.1279305387169,-26.7020398668946,93.6501187489364
2.53674460552021,19.1631707923977,-18.717014974713,70.2889637434108
10.9807162537588,52.9680920413402,-64.8201530661699,243.502437370074
18.8941372076323,80.2775885413927,-103.178477428536,381.363824959797
11.0935042565779,53.339897941467,-61.1306834158504,234.117706807018
14.5231391781131,65.3366967049822,-83.3659213378695,309.223581909733
13.3546774962404,60.0358127885562,-75.1475883710293,278.241124872713
7.38153888848718,39.4500420931678,-48.9653841556192,181.20137968717
13.8158439139176,59.3159809587002,-71.8639797218489,269.728404028485
11.4118058619573,50.2736612153884,-61.5266727362853,224.353733579021
10.8263971705985,52.4165281285731,-64.9327309456432,241.529420798049
14.004452937241,62.588101580621,-77.1042217167299,288.692064725703
12.9898079665611,58.5000745968031,-70.1099645916499,263.927365804641
7.49370065310745,35.6252183933071,-40.8147016865922,149.099416384322
11.5808947437469,52.5522250959525,-65.3130058472063,242.228242183918
6.43132818381769,35.5371917635368,-40.9228281806731,152.781622285902
12.5232736403671,56.1111392638159,-67.1948290491923,253.491074714757
8.26917926686173,41.93161338669,-49.9545277896766,187.849183209464
11.8085545768741,55.2805909703152,-68.6034622280926,251.420441906483
11.4719961807854,53.024182308751,-63.9486819070279,239.476596389924
8.91845004135236,44.9616063673467,-53.14475439958,197.881182766258
11.8620504708519,54.2172527979882,-64.9476901757461,244.974520676726
12.2974249025079,55.6340239933206,-72.956287995276,263.587578814447
9.07720003937036,44.1697073547173,-55.468436112761,200.580063763791
14.6889700332098,66.1580669798814,-86.6722037851057,312.07667169592
15.5708108269325,69.6970497432891,-88.6031304502136,327.682973425568
7.35203497716166,43.1382840909459,-55.9614265610967,202.132936428667
6.89052317309994,34.8392683079377,-40.1043971764354,144.367415480085
12.0541543156351,53.9800406562739,-65.6599862386577,243.626964240702
6.34675104783491,36.1366019749055,-38.5689806853917,149.628141425212
8.2023047789988,44.8036278642881,-55.6256708085258,200.511218648011
13.2117307964145,62.0155272164207,-78.9354335357203,287.964089538056
7.70609259607559,38.8065221092105,-45.0230916173807,165.536107058718
2.28749932860669,18.8785354555081,-18.7679506441235,66.2901765086895
12.6575633352886,60.9600325496998,-84.1078525331838,297.924126811413
3.58983910482299,28.0091144775409,-28.64411465326,113.443844472877
4.5815989701846,28.9228114767865,-32.8161946502995,120.765668128386
-2.07173071767159,7.94314600788692,-5.21611023344264,13.1518677653973
13.3249512889202,59.9538509808171,-74.6882819549818,275.678326210882
11.0043883553894,49.9799973497962,-62.0961138162139,225.761402563722
11.8491738637653,54.5558055689881,-65.8704434033129,245.10376835345
13.3791688928929,60.3248501875127,-76.7433608670603,280.239377429661
9.83211390271375,44.2764678539814,-50.7431474097739,194.930159122622
5.57769637719989,31.736711044427,-36.2840284357837,134.563356017303
12.2551026093235,55.2811552078999,-70.4540939409699,253.63062509496
15.2134590232787,67.7510261198696,-84.967507551104,317.468206836376
3.99911624882137,25.3343616332949,-21.7861796535368,92.2911960418888
7.57204305952386,40.2237952497557,-50.0361898620883,180.165560453216
8.83101973737369,44.8642531346439,-55.4365809067943,205.207791521853
4.84126662670559,28.8699114404223,-34.0922312239373,122.632496035581
12.7764233950988,57.9081096929545,-69.2057447645132,262.54566164745
7.60327238841152,44.1348111822005,-54.4110299490462,198.075563422964
15.0276265758865,69.1955178999028,-93.7561885075025,339.005944236712
10.2140320545095,51.880039393292,-69.3541815432906,246.580511657888
12.9123700706874,58.6007547147025,-71.5393454083812,266.887215936523
16.2443922728424,68.8002543511784,-86.4932765857313,322.271373928391
11.0624990143888,52.9672433491105,-69.855418164649,249.92198014135
14.3069050368291,63.6369536977108,-82.8534953464102,301.001894559998
10.842791726717,58.2033692020411,-74.2219652680781,272.982341395932
3.95330589671053,22.3681101208554,-21.5876375470253,81.5348225969506
10.0896090396545,47.9169275342642,-62.0925284909675,221.922779046076
12.8725448241684,61.3085917755525,-76.5597610358719,282.650685895681
11.9578280713691,50.8511482565997,-62.1447099067982,227.422463653534
9.30444661648692,44.9767104872394,-51.7371759175011,198.956681282482
5.1292020453264,31.1332632349494,-34.3837266909908,126.856562418411
12.5855934748378,56.8688613261498,-68.4672964669372,256.499279583967
6.33417588660844,32.9394895852122,-40.9574950417994,145.341450615549
4.99270623029773,29.7292619924787,-31.5545427964834,117.97867036589
12.379710873622,59.2440159919627,-72.9944977311485,267.766604253343
5.06875733924069,27.5508640411778,-28.21249362671,108.378052771187
10.9774576596245,54.3485190236683,-70.5484474740982,255.960124078342
10.0110887413744,49.8680173599771,-61.8589643397556,226.709831166147
4.68716125589774,26.4004046842452,-31.5588684658882,109.873770381434
14.7187856473311,61.9861076210427,-78.3291792193877,287.183343539958
7.62878000340428,39.5326853800485,-48.3103004096106,179.530226329329
14.7999132653467,65.8522870460535,-82.9786254735903,306.696331129165
8.09986528155146,43.5319312012765,-48.7665290235832,186.415423773579
7.69977161539673,39.6440790717431,-46.2518929606181,172.203173733469
9.875095901566,48.3910884335847,-60.2379728124431,219.968628364514
8.56777201608618,45.4224722225958,-53.9462715193054,205.834236524361
8.57359568940907,45.2063228520719,-53.8862604055019,200.376437213168
6.4893424662651,37.0138201867238,-43.2877213087309,157.603102140081
5.14841149928815,31.1821155276183,-36.6607798176336,133.238308838892
12.4531464747481,57.5932281320024,-71.0437783639132,266.157692028165
6.77518663415009,38.7959110485269,-45.118977749597,165.678046142248
4.49417228036442,30.3834317107762,-34.1245150399268,129.136908134877
7.96860840334581,40.5639603720866,-44.3471150539401,171.21978647414
6.79625805305065,37.1957088189739,-39.1445616369024,152.000206358094
1.22885725731973,19.8089907263226,-22.3019317873829,78.6308580732781
8.8362514029293,46.7532390754895,-56.9577750680903,207.297276505623
10.6686964846421,48.4528120220232,-61.098990650843,225.184715116271
11.1787694259428,55.1399732825578,-70.5306868987566,255.674646176707
11.5709650616829,53.4837629008747,-67.0634012816801,244.35986618043
5.99662514799674,30.4403109294814,-33.4339313012484,123.570373678756
8.69709152070626,45.8944817934759,-52.9375358360017,200.379597382653
5.96660477828463,33.6487127129601,-40.2998291970736,143.798426290153
7.45827407186493,40.7838786516739,-48.0996367165498,173.351065800136
5.16063724805063,34.4565200814163,-39.3251210122965,146.150453188912
5.53414479738924,34.0826665469325,-39.3689428252221,146.725064522128
12.5195246503037,56.3631016874272,-68.9259621401688,256.447205719123
8.9099137192855,43.8058431399907,-53.9698652647946,197.854999894938
8.96463532648532,42.2984223087321,-50.9630042985207,189.098019411415
16.918232719566,71.2622214983167,-91.8966931990439,335.828457560332
9.76643133837051,48.1382146631633,-63.476765111113,229.35989740845
7.85174486156433,39.6677265838126,-45.546241655051,169.075551920819
12.989146784663,60.0774382219354,-76.6745068799446,280.97616499619
8.05096865844107,42.6483062697294,-51.9986628017942,194.05489442119
15.491631125918,68.4967985757503,-86.0732450131478,320.248638177843
8.48931055741512,41.7642266894605,-49.5611767265812,183.519222965807
7.53538954352642,36.1315423776837,-41.3575941299506,151.637568802234
5.32749979570126,31.4082556150695,-36.5920875141431,130.730849692689
11.3145614343643,50.6567879290384,-58.4387973940049,221.581003058929
15.8660425097607,70.4097107776615,-89.9648403746211,331.090328224088
8.57596181964435,44.4191533508368,-53.8398352999624,201.668542314688
11.0458705675097,52.3971623592758,-62.9649868758309,234.500119259389
11.3333154207029,50.7237098649341,-61.0048911117503,225.427463284568
15.6887729612382,66.9693080802797,-86.3505987179676,317.907990414616
12.6555064026647,56.5768144302077,-71.0724334325151,261.800128983066
5.70537937721876,32.8338172482032,-39.0958223263822,141.593310728257
7.21239290133304,42.6776205313696,-55.9853267673916,201.056599198635
7.01547817226175,35.4143838859305,-40.8213917367978,153.143077266864
10.5662914885289,45.7249537922863,-52.9216043512727,202.212355989174
9.98421111707739,47.702359922356,-59.1476979207184,216.147518341393
11.4717500043671,51.619811356594,-62.2523575741908,231.995143520436
7.37062834121101,34.1893822109301,-36.5030568531501,139.661032540018
8.49461331935579,40.8319919973723,-48.2962334645962,177.189827019522
12.9654402417003,57.9284261723162,-73.1655910024897,266.4566946458
9.60157297420612,44.3612672829492,-54.2566679701068,199.777541072538
7.38284048557162,40.0095454693847,-48.4538448355012,176.724601574608
13.8846574962451,63.8000475978507,-78.0585381720314,292.815718324073
10.0539852462735,47.5447366190145,-57.5844812622866,215.637890521328
6.33386133191382,31.8387289303263,-36.0829676784985,131.776810837513
16.8387542450465,73.8078575598947,-95.8516056859255,355.564912058369
5.32759604021338,29.4695963705291,-32.0917649548431,118.764523494673
2.8758549593899,20.6932427805386,-19.7523662535294,75.8246187331799
0.987470205727131,15.853106370546,-11.1727908058435,43.5923334932706
12.6045038781868,55.4239218787044,-69.2024358719366,255.590515632378
7.86866949758893,39.7378413760074,-44.9449093243287,168.212518039463
8.89776257211087,42.4899954279684,-51.7074142083152,187.993859597741
11.1585078905162,52.9551958200157,-65.3099718524569,238.963783787855
8.13406375283694,39.590017700444,-47.0469049328166,173.33002383226
3.56775930022125,23.1564136189356,-21.4295578335365,85.1283150328018
2.20086481583205,17.9993364484188,-13.3832890655622,55.0829385151271
8.63720032707608,43.116020484187,-48.7255923018277,184.838149795417
10.6989021093253,52.9459455244147,-64.8702585761424,239.770363111961
0.888889756891084,13.4222460933313,-10.8507447587866,40.5505745115834
11.1620979237883,52.6197550485312,-65.4237420505915,242.955398375572
11.6892254298945,52.768977548406,-64.2464443690486,234.60263817914
15.1789494528269,64.4671863356154,-85.0721066661191,306.799037378069
10.6588560742958,52.5541436636803,-62.776508421145,237.421363394453
10.8198153632009,49.8128806642078,-62.9180589242706,232.173219275516
12.4184145069032,59.9479124860328,-77.1698990626665,282.648601802005
9.92343692332427,46.3503960327999,-53.2165604210048,201.725787211342
9.68114261048477,48.1661068048824,-58.4135721413714,217.616768134623
10.4639378576112,51.8915607178698,-63.7606485685643,236.309174849732
12.9766934561936,62.9975379024294,-82.3208488909711,299.955840095251
8.27483758588923,40.1274716909364,-50.3177636581624,181.846389253752
8.00188419235506,40.9595948048745,-50.4121332078567,186.190022520116
6.53935169297715,37.4133149871159,-43.4053275205415,161.709428961959
6.16897086691251,33.2049617151554,-36.2281764211186,136.048134678544
11.3071998853545,53.8956265149787,-67.09793482034,249.272261645173
16.1894889027407,69.4208577115938,-88.995309009583,326.041489576039
6.12456172454228,31.7817441030066,-34.5319374272988,129.46948106158
9.24623829496215,40.8121147423245,-48.4545888426363,174.291816291944
5.87999535417633,34.1972624199211,-38.644576812257,144.305848450892
13.632345767442,60.3926305324653,-77.8746376742687,285.204485404245
8.73047254116749,46.8654560058415,-54.3449242155114,201.974300539387
10.7160158661617,48.3449013008662,-63.8086930034633,232.176862783015
11.3921127509167,52.0346466649745,-61.0916996717131,229.296790733218
5.78288391490224,34.4330466804636,-41.4856260466276,147.321250573473
9.58102284755719,45.9696647678643,-53.1047388782121,200.164914849866
9.08662953162188,45.6879861494919,-58.5948588336989,211.148801546447
12.7014222497102,60.4306877408956,-77.422074438428,282.298285611628
5.06702122597476,34.5949075961277,-40.8159839837908,150.031506884432
5.20015382230888,30.8233279827257,-36.6984868945383,130.004303347234
13.0634663064644,57.3522878128011,-72.1986296369931,267.021395507552
7.64760855486809,37.3621607789083,-42.1131873640173,158.674450862913
7.3588166800977,37.398674510205,-42.3860602196768,162.808285365033
10.4520540887894,48.7743753102323,-61.8746637581646,225.257334803703
8.71840480125585,40.9642621737215,-50.062225702666,182.439252041395
17.4655259877552,76.0714795514766,-97.6951022477599,361.07148110312
11.0381258230712,54.5850445412242,-65.8178349540245,247.617050837212
10.6462402836723,49.4398677701035,-58.842732104026,218.78469962784
13.7242996373414,59.3268117630805,-76.7977165408584,277.218698770295
9.76021300296152,44.588972653847,-54.5051606869308,201.748641474339
10.1949588003098,50.2421549051389,-65.8736327271876,235.934122132621
5.70849839706415,32.613639473384,-35.5950471392762,131.201104725283
0.82811427807731,11.1715018982018,-7.82273182011217,25.8616919713186
5.17117259974263,30.3687110047823,-33.9602514744461,125.653455604245
10.4564377191888,49.6438325435064,-59.6741507164218,224.845115050798
5.86681168357849,31.4329653714249,-35.2486515756035,130.939984331999
12.7552310093683,55.4761648928679,-69.9777883333304,256.633731887928
12.9003320706995,57.535223467287,-71.3892371662701,263.552988257612
10.8695208437564,49.7256351749606,-63.2397811773251,228.020897103024
9.19337307352649,43.7473822937251,-47.5089229749902,183.357375547042
4.53724055764527,23.7280196265512,-28.3383415863505,99.0511831282804
8.76424956529136,43.2526326254832,-47.4814486333771,182.178225490768
8.18838845385109,43.3755776138042,-51.5884607900926,191.829550231197
12.6529165780792,59.8632246021321,-77.0167640621754,280.389227796002
15.2345181469948,70.9929703009765,-91.3803588347209,336.424508365919
12.004161239578,55.7455604031237,-69.6594537136965,258.756853234752
5.48684585921053,29.648637434877,-27.8622159106048,113.656507574757
16.6839892215927,73.0670456701709,-89.4456250511704,337.526121229488
14.0414121298085,64.7487737135543,-81.093671940961,298.965524108502
10.8940848634978,54.9917151694206,-70.0708059257531,256.76552422802
1.17406162716151,17.8491288591602,-16.748760685612,61.7170299261645
6.18165752578737,37.0904547104224,-45.8161619026381,162.752680469925
9.72570773115905,47.8908876355785,-60.6310272027031,221.934217101754
13.0452236062611,56.4078017653377,-70.1521992700891,261.06087480051
5.28038320016684,29.2866331101777,-28.9170974603114,111.773131718514
22.8447958270692,98.0152367273911,-130.453238900078,483.2628646954
-0.215299403803309,12.6330967726739,-9.16116528067743,27.710969707035
9.05626420266374,43.2671100789254,-49.0066367993728,187.572298327128
8.96174942695426,42.850869252921,-50.1405319471545,186.432963564184
7.34653233352323,36.6060792408549,-41.0936186350366,154.978688296078
8.7240371566954,43.7034803480955,-54.0071356836846,194.773746347231
12.9695806302893,58.1904555467758,-72.4138846308527,267.570815927026
6.50282929685691,33.5266475604623,-39.8159147357022,143.239398316968
1.66874493478689,20.4358798025106,-22.4165651604997,79.6765573890195
10.3750716112409,49.3873906664676,-62.86796527751,228.83129420896
9.99272075198882,49.4894581060748,-62.0256890003787,228.033202445596
9.9475973905137,47.0512252058573,-56.3748301523132,210.539277930408
12.6718722982324,57.9686377003311,-72.8089416987977,268.086307904309
9.94732918819135,49.8774316955384,-63.8006454613258,230.722043516619
13.1041881219052,60.5265252297237,-78.4269192076767,289.054927213575
1.95705866945898,20.9279736958775,-24.1063637995179,84.8245924409347
5.4872780201128,28.1009407273782,-28.90738861031,110.057819254361
11.3951982863429,53.3771225934275,-65.6580654341994,246.194469868887
8.5884060716123,42.5346461339098,-53.6895776499116,194.248858752679
13.7790983916705,60.3043567899941,-78.7242594585306,285.137858881185
5.98112058989414,32.4106414410989,-36.6590300288828,133.636705628364
12.8956109299874,61.7757309345545,-79.7541886243331,291.665499733179
7.32466903603854,39.2298777306172,-49.0479476093618,177.300394636682
5.5478392251368,31.683007969778,-33.6776079647149,126.915013237086
8.62877924253222,44.9416566974042,-55.0415692431734,199.936715883586
10.199117292675,47.6258287545833,-57.7845954179227,211.196671080934
5.08927215389786,30.5990804804636,-33.1891250007442,122.809874115497
6.94397635669021,39.8920395107899,-47.3373272361443,176.813114275067
5.01527175352847,29.3897221404014,-33.1016384646555,122.303677398194
14.0670959110391,61.0432327352143,-78.5686027519217,285.033783480507
12.8944504962355,57.3234362961828,-68.9014095474184,256.057637537213
5.86989145157955,31.0300168166475,-37.7157195981877,128.666925059256
12.229384016491,56.5311074414344,-67.8916621434891,253.448736233663
8.97767430760191,44.9753512153575,-55.6646659860607,204.156993475576
5.54643297141332,33.678503498069,-35.0014460946959,133.308423438049
11.6847897584592,57.6687676737082,-73.5931573170242,269.609521408515
8.7081987526145,46.1599971329097,-57.9958104691112,214.057355986141
13.5207196047661,58.1730069888866,-71.9389265823181,262.790151841629
9.22054557289639,49.1921817713725,-58.8500136190957,219.555841304733
14.7522199284151,65.3865487174787,-86.5489913052779,310.958400434089
7.96094195292818,39.886052823662,-47.6652312412457,177.194640343873
10.8781920434932,54.8727627374624,-68.7285630166728,252.776071644336
11.4811776854582,54.1899504366022,-67.1980786539864,248.859634726172
11.1164335749224,55.4807411489003,-69.8572799567656,256.783096798192
10.8077697492533,50.8209237490332,-63.1536873463044,232.505679431632
9.94801383027462,46.3506781727136,-58.1340711281063,211.990225187127
9.63653997569004,42.7596157600429,-44.3685138370875,174.254429519002
15.4601254612754,69.9101822909684,-92.7439457769113,338.55233996766
13.6325222755327,59.3009114150494,-71.848286862058,272.822309747394
7.56044731439238,40.9603288525965,-51.5317496577531,185.009387420531
15.5857488848778,68.3484831187928,-91.0458828422782,328.495247858025
10.5791934932338,51.0299664652484,-62.8123851544495,228.236569565965
7.43757291361879,41.3085423086678,-45.8252555353677,175.669726518659
10.6792090382341,49.4745197797491,-59.1011723378431,216.471683546109
9.37125005031662,44.8134330087712,-57.1497521438825,205.211356519708
10.4037583781844,48.9900134869064,-61.1558401397726,220.69310462318
6.10642338340688,36.1038317251411,-44.1600647428149,157.551856061015
6.72069889898721,35.2449446273514,-42.8139008686606,154.132293094995
15.4516758761017,67.2750125920507,-83.3154513889313,312.538560688279
13.8454837221251,63.4363903978287,-75.6557507383083,290.141716464174
6.46510210239554,36.8318582003301,-46.4091793565653,164.404595672273
6.39963153825471,36.6322786702092,-41.5907501565517,155.177928382831
16.8933325311873,72.914100257947,-95.5042006415029,348.281597825525
17.6361686485157,77.0154330043263,-97.3378371289576,361.496164639516
6.89143521657895,37.381152918957,-43.5261888593313,160.53784228993
4.79077894954757,27.9811741420656,-30.8646183780842,115.022504284145
20.4939806672747,89.3870993637912,-115.994588677576,432.370658544168
10.9185156573872,47.5806344205655,-52.4557575589112,206.754998001329
10.7469995685675,52.3802552092693,-62.4006011790906,234.283028141695
10.3045465398011,49.7797029090733,-61.6836899119477,227.819492597812
15.6194407452853,68.2755418953141,-85.376267262581,316.736021058411
9.23311105865473,44.0163998342638,-54.8596592941231,196.258786461734
15.8375686566244,68.4941936188982,-86.1584435815479,320.973790294628
9.11737819546184,48.4339021329487,-58.3874181878383,217.756138026701
12.0205835450926,55.0801022283259,-67.4954128427436,254.136420063882
5.86601197570849,32.3486697129804,-37.7330361278231,137.217431366468
10.6818938858369,48.6980937040027,-59.1268484368616,215.65831035997
14.8026726435677,64.2984644729699,-82.1874868856795,302.47209930016
9.34637634093706,45.4783699202245,-54.1464884150985,198.543333467401
15.1299034524906,63.752208294856,-80.3563216826032,294.823075083991
20.9087855516451,89.5570236194564,-117.692935582431,431.584664148743
13.7676968693237,61.7593628044597,-79.1116237967095,288.809694736163
9.00554385088177,47.3499999203679,-56.4545212303515,207.884134469179
10.3859154388259,51.370167285222,-63.2299855592394,235.659573802795
8.26427623479304,44.5801679466995,-56.6028729784259,204.60699095929
18.7146714698063,76.7010217526759,-97.3032512144883,359.791234456315
-1.8351184765205,6.55274076131274,-2.25458702549987,3.97512207762648
10.3235529567965,48.4411482158699,-58.7875716792967,215.344605379975
10.4405512184689,49.4922794871844,-56.9202357776184,217.582205312817
10.8537933052506,49.8747009560787,-62.9298066001283,231.01503809506
3.76872154947071,25.9976065645402,-27.6103698810458,101.545785426165
10.864846185031,51.3007092370698,-66.107464712422,240.892048464281
10.7506552681058,46.462690134918,-53.9288176143836,202.98305504487
15.0344885008544,67.8290447807253,-89.6545651361212,325.43255673176
12.0940711236359,55.8474051897156,-73.0406402322249,265.628457948239
14.4618171099198,62.1188183153006,-76.5795663994976,284.254005348158
6.16999103131812,32.009112040899,-37.129522569334,135.79406159649
9.50237768057827,44.8280698734876,-57.6969692277371,207.757540695163
10.7669513161999,47.593754893897,-59.7146637736838,216.596443103508
11.0888690024134,52.1954605417159,-62.3834612312635,234.314475677706
7.22474214530698,41.0137596330308,-49.4245048279446,182.239530873198
15.9166876834085,69.6858388345673,-88.5417199684435,329.814769137096
7.55293191342892,40.2448643573917,-46.3216387710298,175.4614652222
3.5427601025626,21.7875237868206,-20.7445344914596,78.0938855982362
11.6099604423627,50.7174561458868,-67.8112840908265,241.853561955508
12.6582217891579,55.7767326671399,-68.8570351766557,258.37570714994
13.7765082839797,63.0375697818235,-82.7980523261358,298.652234147808
6.21495680916685,32.6048406236276,-38.4582483404313,142.421272483294
9.00684620304442,45.541843382377,-58.7716846896294,207.779478680044
4.68625412584369,28.4330398433447,-30.443092917039,112.130414110379
13.3790549683957,60.9318448509976,-72.2958630114011,274.965977495545
11.3907869297546,50.9285927266228,-61.0756522733652,224.956469615391
13.6550503457244,59.2601967474663,-69.8574746489906,266.520309819337
12.4330982135227,56.5508316607149,-70.9242638338045,256.871093199821
7.56980804878205,38.8338867701676,-46.7657087688924,169.454660719511
10.7186322834874,47.0096158300502,-54.5536475924981,204.272086469432
2.36636232233049,21.5930732025628,-24.6099717102428,87.6096050953174
12.0117850307564,51.3430339705373,-64.7185241257506,234.123815000799
13.875596613914,61.121678886984,-82.5801641792086,297.300729360404
6.49705149690669,35.4996447300501,-45.6540757487693,158.868117724867
1.45590184520798,15.8372472045712,-14.2051365628994,50.9064930534414
3.90868967365995,23.2636047600279,-22.9992811940424,85.1994858851814
5.54752716845572,31.1734499446555,-35.5925794859716,132.712830248284
14.9639355821436,65.6493244965873,-86.9505211088822,311.673511737322
10.013927740252,46.2019829623603,-57.8361392056653,211.873436893587
5.04882165602774,27.4612719608683,-30.7088254605942,113.953294578546
12.2227964755921,53.612858346629,-63.8979785097301,239.684674537764
1.26740260256041,15.5056738106419,-12.3334226171214,44.5959049891634
9.01190217161101,43.5375940443577,-53.754792036962,197.428498670972
14.4514277103458,66.8641101435675,-89.0015578496986,319.322594919461
8.63330705196365,40.5085430980377,-47.70074974968,175.12795755085
15.2217533685643,67.5606100055553,-89.6618921478093,322.886686540304
17.1812954857632,73.0177265465519,-94.5644781252376,345.348511051616
5.32865909010621,31.3688955659578,-36.0815276021835,135.293796015332
5.39084950007193,30.0798891287065,-30.7608262381526,119.87355598215
6.3421781226174,36.4374960204378,-41.1756227745861,155.004705897757
12.1149121301345,52.2075183776952,-63.018567772858,234.102056791643
13.3403157081943,60.3329506946293,-76.3236657263152,282.948692786777
14.8365478963661,65.4637234267608,-83.9441397833613,306.120279693028
15.1978901814433,68.824131411366,-87.0792395723141,322.090543309781
14.3029292168396,63.0416109519215,-82.2257169067901,301.038860707914
13.7592040940572,62.526327517352,-79.8679596182583,291.197428938532
10.6534987736271,51.1518634943311,-60.7772201334881,228.431056313018
6.44744576543843,33.9169792542074,-40.1934860462003,144.621919331782
7.0953560689746,37.3757563187335,-46.7872384292849,166.560011352658
11.630388022455,53.6021544808188,-66.3284094846534,244.921684738622
16.7341453570072,74.4821309961742,-95.6217469917792,352.509561822863
16.8239192942585,73.0445514044956,-90.2563510322157,341.029842298964
2.29533319669568,20.8444039398201,-22.7256122616984,81.5414863405587
6.66400793908614,40.6776314175474,-50.874792297432,184.991969555072
15.6765300653328,69.2681044599707,-86.0315773990796,323.323134461012
5.74356113992304,33.4017822594615,-39.0009162255467,145.269591123508
3.54569011007821,25.8278496472338,-27.3986125804375,102.080924530921
12.3992443547897,59.7333641539226,-74.9669433600377,278.077622408464
16.9318588215482,74.8776683587851,-94.0946071575346,350.292635806816
17.7380182498309,76.5337380566043,-96.7615801013534,359.949389209395
12.1312823026832,54.4507102811212,-67.3037422742144,250.075586981688
12.8786630240791,59.0772909875053,-76.8431909657024,278.019916778338
12.2403735430207,56.348362114629,-70.4863994374388,259.046226654299
9.92765227336013,44.0669654965392,-50.5136342387822,191.688885905404
-3.48695633020206,-3.63510488151508,16.8975467959207,-53.121265512676
13.042812979039,55.3653609957047,-66.4437537815432,246.872755301383
8.43509259102716,45.1953631446152,-58.5988962049059,208.383040633805
14.0396048952474,63.7792534064126,-80.7287191827585,298.595869999442
7.492107411705,34.2706759077395,-40.2815951262833,147.850402681813
3.46169052199254,25.3961490513614,-28.3204442839551,99.4696844030191
14.9809706081219,66.059158065526,-86.0184466313996,312.103515260974
10.7255097862216,50.0993143467573,-57.9558888918003,218.121012455959
23.9812170559424,96.8433373248859,-126.622540609969,467.600041277172
13.6623676533077,58.6464729988191,-68.9475472379536,265.243648530475
14.194026069705,64.8237498667995,-86.0710402294125,310.591187018273
13.0552997477394,57.8452097480679,-73.5429416917922,268.920431116943
7.5864504925624,39.0466870766446,-44.4437314038555,171.566757377449
8.5182813491889,43.839469058256,-54.2215279349095,196.40708145775
14.2393037533346,64.3314940659997,-77.7286970980537,293.740905161508
14.2204421193576,62.4067717557527,-79.752626484495,291.877438801506
12.3318886444813,55.3135802857139,-72.7819331137274,259.75506023561
6.05373025784184,34.3123307586998,-39.8559140000131,147.718778933622
16.7384872469759,69.9019965670956,-89.2158584263863,328.21949073954
4.53263581726948,28.9297658992675,-32.4713572349,120.720872279898
8.26714260555555,42.1086758382407,-52.1424220573737,188.52621936167
